key,en,br,es,pr
XDRIVEDODGE_TITLE,Mark of the Ninja,,,
<!MissingKey:1:Tools of the Old World>,Tools of the Old World,,,
WPNLEFT_ACT,wheel left,roda esq.,,
<!MissingKey:3:New Generation Reploids>,New Generation Reploids,,,
PAUSE_ACT,pause menu,pausar,Pausar,pausar
PREV_ACT,prev weapon,arma anterior,Arma Anterior,arma anterior
<!MissingKey:6:Defeated the Final Boss without taking damage.>,Defeated the Final Boss without taking damage.,,,
<!MissingKey:7:Defeated Optic Sunflower without taking damage.>,Defeated Optic Sunflower without taking damage.,,,
<!MissingKey:8:At Times Like This>,At Times Like This,,,
BOSS_DC,Boss,Chefe,Jefe,Capitão do Mato
<!MissingKey:10:We're No Monsters>,We're No Monsters,,,
DEFAULTARMS_DISC,Default part.,Parte padrão.,Parte Estandar,
MANTIS8,"Let my blade show you how misguided your so called ""justice"" really is!","Minha lâmina vai te mostrar o quão falha sua ""justiça"" realmente é!",¡Deja que mi espada te muestre lo equivocada que es tu supuesta 'justicia'!,
ICARUSARMS_DISC,Charged shots consume no ammo.,Carregados não gastam munição.,Tiros cargados no consumen munición,
ICARUSLEGS_NAME,Foot Parts I,,Partes de Cañon I,
MANTIS5,"And what exactly is controlling you, X? Your precious ""justice""? Is that it?","E o que está controlando você, X? Sua preciosa ""justiça""? É isso?","¿Y qué es exactamente lo que te controla, X? ¿Tu preciada ""justicia""? ¿Solamente eso?",
MANTIS4,Then why are you making weapons? Is Sigma controlling you?,Então por que você está fabricando armas? Sigma está te controlando?,"Entonces, ¿por qué estás fabricando armas? ¿Sigma te está controlando?",
MANTIS7,"Not surprisingly, you old style Reploids really don't understand a thing.",Vocês Reploids antigos realmente não entendem coisa alguma.,"Como era de esperar, los Reploids de estilo antiguo realmente no entienden nada.",
MANTIS6,Dark Mantis... Your actions are those of a Maverick!,Dark Mantis... Suas ações são as de um Maverick!,Dark Mantis... ¡Tus acciones son las de un Maverick!,
WPNRESET_ACT,select buster,selec. Buster,,
MANTIS1,Hey! What's a Maverick Hunter doing here?,Ei! O que um Caçador de Mavericks está fazendo aqui?,¡Oye! ¿Qué hace un Cazador de Mavericks aquí?,
<!MissingKey:21:Defeated Vile without using special weapons.>,Defeated Vile without using special weapons.,,,
"<!MissingKey:22:Who Are You, Anyway?>","Who Are You, Anyway?",,,
MANTIS3,"We new generation Reploids are designed so that we can't go Maverick, kid.","Nós Reploids de Nova Geração fomos criados de forma que não podemos nos tornar Mavericks, garoto.","Nosotros los Reploids de nueva generación, estamos diseñados para que no podamos volvernos Maverick, chico.",
<!MissingKey:24:Defeated Gigabolt Manowar without equipping any upgrades.>,Defeated Gigabolt Manowar without equipping any upgrades.,,,
MANTIS2,Dark Mantis... You've gone Maverick. I'm putting an end to your weapons production.,Dark Mantis. Você é um Maverick. Estou pondo um fim a sua produção de armas.,Dark Mantis... Te has vuelto Maverick. Le pondre fin a tu producción de tus armas.,Esperança preta
<!MissingKey:26:An Incredible Scientist>,An Incredible Scientist,,,
ACHIEV_ABV,Achiev,Conqst,,
SECRET2-13,"Then, come to me...",,,
SECRET2-12,"Okay, I accept your duel!",,,
SECRET2-11,"Serenade, was it? Hmm...",,,
ACHIEVEMENTSUNLOCKED,Achievements Earned,Conquistas Desbloqueadas,,
XDRIVEDODGE_DISC,Used XDrive during a Desperation Attack.,,,
SECRET2-10,For twenty years I've been amassing power. Now I've choosen you to test my strength against.,,,
SECRET2-17,I wish I had something to reward you. The best I can offer you are my thanks.,,,
SECRET2-16,You fought this duel beautifully. You really are the strongest robot in this world. ,,,
SECRET2-15,"The kindness, love and respect that you possess in your heart makes you even more powerful.",,,
WPNUP_ACT,wheel up,roda cima,,
SECRET2-14,I honestly thought I was strong enough to defeat you. I was wrong.,,,
SECRET2-19,"For now, farewell!",,,
SECRET2-18,"Mega Man X. We shall meet again, in some other place...",,,
<!MissingKey:41:Jakob Elevator>,Jakob Elevator,Elevador Orbital Jakob,Elevador Orbital Jakob,Morro do Papagaio
<!MissingKey:42:Defeated the Impostor without using special weapons.>,Defeated the Impostor without using special weapons.,,,
<!MissingKey:43:Defeated Vile without equipping any upgrades.>,Defeated Vile without equipping any upgrades.,,,
DEFEATEDALL_DISC,Defeated all eight Maverick Bosses.,,,
ICARUSBODY_DISC,Immune to knockback.,Não é empurrado ao tomar dano.,Inmune al empujo al recibir daño,
<!MissingKey:46:Booster Forest>,Booster Forest,Floresta Ergânica,Bosque de Booster,Paudalho
INTRO1-3,"This plan is called the ""Jakob Project"" and an Orbital Elevator was built as part of it.",,,
<!MissingKey:48:Don't Attach Labels to Me>,Don't Attach Labels to Me,,,
YETI_NAME,Avalanche Yeti,Avalanche Yeti,,Aval Lanches e Vet.
INTRO1-2,"Humans however have begun migration to the moon, thanks to new technology.",,,
<!MissingKey:51:Shadow Tactics>,Shadow Tactics,,,
INTRO1-1,"In the year 21XX, the endless Maverick rebellions continue.",,This dialog has been potentially cut?,
GIGACRUSHKILL_DISC,Finished a Boss with Gigacrush.,,,
OPTIONS_ABV,OPTIONS,OPÇÕES,OPCIONES,CUIDADO PRA NÃO ZOAR
<!MissingKey:55:Let My Blade Show You>,Let My Blade Show You,,,
INTRO1-5,"However, a sudden accident is bound to change the destiny of all involved...",,,
INTRO1-4,Highly advanced new generation Reploids have been brought to the moon's surface to work.,,,
YETI1,I will not let you get in our way.,Não deixarei você entrar em nosso caminho.,No permitiré que te interpongas en nuestro camino.,
<!MissingKey:59:Defeated Earthrock Trilobyte without equipping any upgrades.>,Defeated Earthrock Trilobyte without equipping any upgrades.,,,
YETI2,Avalanche Yeti! What do you think you're doing?,Avalanche Yeti! O que pensa que está fazendo?,¡Avalanche Yeti!¿Qué crees que estás haciendo?,
YETI3,We no longer considers your world to be ideal. You old model Reploids have no business here.,Seu mundo não é mais considerado ideal para nós. Dê o fora daqui.,Ya no consideramos que tu mundo sea ideal. Los Reploides de modelo antiguo como tú no tienen nada que hacer aquí.,
KEYCFG_ABV,KEYCFG,CONFIG,CONFIG,CONFIG
YETI4,"No way! If we don't repair this system, the world's ecological balance is at risk!","De jeito nenhum! Se não repararmos este sistema, o balanço ecológico do mundo estará ameaçado!","¡De ninguna manera! ¡Si no reparamos este sistema, el equilibrio ecológico del mundo está en peligro!",
YETI5,"Hmpf. It's too late, X. You and your puny Maverick Hunters have lost!","Hmpf. É tarde demais, X. Você e seus amiguinhos Caçadores de Mavericks já eram!","Hmpf. Es demasiado tarde, X. ¡Tú y tus insignificantes Cazadores de Mavericks han perdido!",
FPS_OPTION,Target FPS,FPS Alvo,FPS Objetivo,Seu PC não tanka
TRILOBYTE_WPNMENU,C. Bouncer,C. Bouncer,C. Bouncer,
LANGUAGE_OPTION,Language,Idioma,Idioma,Lingua
<!MissingKey:68:Thunder Dancer>,Thunder Dancer,,,
"<!MissingKey:69:And we're all counting on you! Crush them all, X!>","And we're all counting on you! Crush them all, X!","E todos estamos contando com você! Acabe com eles, X!",,
<!MissingKey:70:Defeated the Intro Stage Boss.>,Defeated the Intro Stage Boss.,Derrotou o Boss da Fase Inicial.,,
<!MissingKey:71:Of Course I'm Ok>,Of Course I'm Ok,,,
ANTONION6,"At any rate, if you choose to stand in my way, I'll destroy you!","De qualquer forma, se você escolher se por no meu caminho eu irei lhe destruir!","De cualquier forma, si eliges interponerte en mi camino, ¡Te destruiré!",
<!MissingKey:73:Defeated Bamboo Pandamonium without taking damage.>,Defeated Bamboo Pandamonium without taking damage.,,,
ANTONION5,"Maverick? Once again, you attach labels to me. What arrogance!",Maverick? Mais uma vez você tenta me rotular. Quanta arrogância!,"¿Maverick? Una vez más, intentas catalogarme. ¡Qué arrogancia!",
ANTONION4,Did he... Did Sigma make you go Maverick?,Será que... Sigma te transformou em um Maverick?,¿Acaso el... Sigma te hizo volverte Maverick?,
ANTONION3,I don't pursue my research just to earn praise from the likes of you.,Eu não realizo minha pesquisa para ganhar elogios de gente como você.,No realizo mi investigación solo para ganar elogios de alguien como tú.,
SKIP_DIAG_OPTION,Skippable Dialogs,Diálogos Puláveis,,
ANTONION2,Incredible scientist? Who are you to say such things?,Incrível cientista? Quem é você pra dizer isso?,¿Científico increíble ? ¿Quién eres tú para decir tales cosas?,
ANTONION1,Gravity Antonion... You used to be an incredible scientist. What happened?,Gravity Antonion... Você costumava ser um incrível cientista. O que aconteceu?,Gravity Antonion... Solías ser un científico increíble. ¿Qué sucedio?,
<!MissingKey:80:Hades>,Hades,,,
<!MissingKey:81:I Supose You're Satisfied>,I Supose You're Satisfied,,,
ICARUSHEAD_NAME,Head Parts I,,Parte de Cabeza I,
ARMORSETUP_TITLE,Armor Setup,Armadura,Armadura,Fashion Souls
RESET_ACHIEV,Clear Achievements Progress,Apagar Progresso Conquistas,,
PANDARIDEREACHED_DISC,Reached the end of Booster Forest with the Cyclops.,,,
<!MissingKey:86:Used DebugMode.>,Used DebugMode.,Usou Modo Debug.,,
<!MissingKey:87:Not After Praise>,Not After Praise,,,
<!MissingKey:88:Labeled Maverick>,Labeled Maverick,,,
<!MissingKey:89:Defeated Burn Rooster without equipping any upgrades.>,Defeated Burn Rooster without equipping any upgrades.,,,
DEFAULTBODY_DISC,Default part.,Parte padrão.,Parte Estandar,
VILEDEVILBEARDEFEATED_DISC,Defeated Devil Bear before finishing the battle.,,,
SUNFLOWERGOTSSSRANK_TITLE,Gravity Circuit,,,
<!MissingKey:93:Put an end to the darkness in Pitch Black.>,Put an end to the darkness in Pitch Black.,,,
<!MissingKey:94:Shining In The Darkness>,Shining In The Darkness,,,
<!MissingKey:95:Sole Purpose To Destroy>,Sole Purpose To Destroy,,,
OPTIONS_TITLE,OPTIONS,OPÇÕES,OPCIONES,OPÇÕES
HERMESBODY_NAME,Body Parts H,Body Parts H,Parte de Cuerpo H,
OFF_VALUE,OFF,Desl.,OFF,Desl.
<!MissingKey:99:Defeated Gigabolt Manowar without taking damage.>,Defeated Gigabolt Manowar without taking damage.,,,
OPTIONS_START,OPTION MODE,MODO OPÇÕES,MODO DE OPCIONES,MEXER NUNS TRECO
<!MissingKey:101:Defeated Earthrock Trilobyte without using special weapons.>,Defeated Earthrock Trilobyte without using special weapons.,,,
HERMESARMS1,"X... I thought something like this might happen someday, so I've prepared parts for you.","X... Imaginei que algo assim poderia acontecer, então preparei partes para você.","X... Pensé que algo así podría suceder algún día, así que he preparado partes para ti.",
DEFAULTLEGS_DISC,Default part. Can air dash.,Parte padrão. Dash aéreo.,Parte Estandar. Dash Aéreo,
LOADOUT_DISC,Choose your loadout.,Escolha sua armadura,Elige Tu Armadura,3 por 15
ICARUSHEAD2,Here you are... Head Parts I.,Tome este capacete... Head Parts I.,Aqui tienes... Parte de Cabeza I.,
DEFAULTBODY_NAME,Defaul Body,Peitoral Padrão,Peto Estandar,
ICARUSHEAD3,"With this part equipped, you will cause damage to enemies by jumping near them.",Com esta parte equipada você causará dano ao pular próximo de inimigos.,"Con esta parte equipada, causarás daño a los enemigos al saltar cerca de ellos.",
HERMESARMS5,"Board the capsule to equip this new ability, X.","Entre na cápsula para equipar esta nova habilidade, X.","Entra a la cápsula para equipar esta nueva habilidad, X.",
SURFEDONMISSILE_DISC,Surfed through the skies for 6 seconds.,,,
<!MissingKey:110:It's Too Late>,It's Too Late,,,
YETI_WPNMENU,D. Diamond,D. Diamond,D. Diamond,
<!MissingKey:112:Destroy... The old... world... New age...!>,Destroy... The old... world... New age...!,Destruir... O mundo... Nova era...!,,
<!MissingKey:113:Ahrrgh!>,Ahrrgh!,Ahrrgh!,,
MADE_BY,A solo project by,Um projeto solo por,,A poha toda feita por:
SUNFLOWER_WPNMENU,O. Shield,O. Shield,O. Shield,
<!MissingKey:116:Impossible! How... could you... You couldn't...! >,Impossible! How... could you... You couldn't...! ,Impossível! Como... você... Não...!,This dialog has been cut.,
VILE2-6,"Mayhem, doom and destruction! That's what we were built for!","Caos, ruína e desespero! Foi para isso que fomos construídos!","¡Caos, destrucción y ruina! ¡Para eso fuimos construidos!",
VILE2-4,"Look around you, fool! Your world has already begun to crumble!  Are you so dim as to think you're in a position to make demands?","Olhe a sua volta, idiota! Seu mundo já começou a desmoronar e você ainda pensa que pode fazer exigências?","¡Mira a tu alrededor, idiota! ¡Tu mundo ya ha comenzado a desmoronarse! ¿Eres tan tonto como para pensar que estás en posición de hacer demandas?",Parece que é abestado
VILE2-5,The world as you know it? Mavericks? Kiss it all goodbye!,O mundo que você conhecia? Mavericks? Pode dar adeus a tudo isso!,¿El mundo tal como lo conoces? ¿Mavericks? ¡Dile adiós a todo eso!,
FULLSCREEN_OPTION,Fullscreen,Tela Cheia,Pantalla Completa,Cobrir tudo
VILE2-2,I'm through chasing you down. Let Lumine go. Now!,Cansei de perseguir você. Liberte Lumine. Agora!,Me cansé de perseguirte. ¡Deja ir a Lumine. Ahora!,
VILE2-3,"Ha ha ha... Lumine? Always the positive thinker, aren't you?","Ha ha ha... Lumine? Sempre pensando positivo, né?","Ja ja ja... ¿Lumine? Siempre el pensador positivo, ¿Verdad?",
HERMESLEGS_DISC,Ground dash is immune to damage,Dash no chão é imune a dano.,Deslizamiento por el suelo es inmune al daño,
VILE1-1,Vile!,Vile!,Vile!,
HERMESBODY4,"Board the capsule to equip this new ability, X.","Entre na cápsula para equipar esta nova habilidade, X.","Entra a la cápsula para equipar esta nueva habilidad, X.",
SURFEDONMISSILE_TITLE,Bomb Rush Cyberfunk,,,
HERMESLEGS2,Try out these Foot Parts H.,Teste essas botas... Foot Parts H.,"Toma, prueba estas Parte de Botas H.",
SUNFLOWER6,No one has the right to put a stop to our plans!,Ninguém tem o direito de deter os nossos planos!,¡Nadie tiene derecho a detener nuestros planes!,
HERMESLEGS3,"It will grant your dash invincibility to enemy attacks, but only while on the ground.",Elas lhe concederão invencibilidade total a ataques inimigos durante o Dash no chão.,"Durante el Dash te dara invencibilidad contra los ataques enemigos, pero solo mientras estés en el suelo.",
ENDING2-4,Roger... ,Entendido... ,,
SUNFLOWER4,"Sorry to disappoint, but no one can control us.","Desculpe desapontá-lo, mas ninguém pode nos controlar.","Siento decepcionarte, pero nadie puede controlarnos.",
ENDING2-3,I’m headed back now... ,Estou retornando agora... ,,
HERMESBODY1,"X... I thought something like this might happen someday, so I've prepared parts for you.","X... Imaginei que algo assim poderia acontecer, então preparei partes para você.","X... Pensé que algo así podría suceder algún día, así que he preparado partes para ti.",
SUNFLOWER5,"We may not be the good guys, but we're no monsters.","Talvez nós não sejamos os mocinhos, mas com certeza não somos monstros.","Quizás no seamos los buenos, pero no somos monstruos.",
ENDING2-2,The enemy... Has been dealt with.,A missão... foi concluída.,,
SUNFLOWER2,You must have an inkling as to what we're after here.,Então me diga... O que você acha que estamos buscando?,Debes tener una idea de lo que estamos buscando aquí.,
ENDING2-1,This is X... ,Aqui é o X...,,
ACTION_CTG,Action,Ação,Acción,Ação
SUNFLOWER3,"You Mavericks... You're under Sigma's control, aren't you?","Vocês Mavericks... Estão todos sob o controle de Sigma, não é?","Ustedes los Mavericks... Están bajo el control de Sigma, ¿verdad?",
SUNFLOWER1,"X... Since you made it this far, you must have figured it out.","X... Se você chegou até aqui, suponho que deve ter entendido o que está acontecendo.","X... Dado que has llegado hasta aquí, debes haberlo descubierto.",
COLLECTFULLICARUS_DISC,Collected All Icarus Parts.,,,
LIGHT_VALUE,Light,Leve,,
<!MissingKey:143:Blast Launcher>,Blast Launcher,,,
<!MissingKey:144:No One Can Control Us>,No One Can Control Us,,,
<!MissingKey:145:Primrose>,Primrose,Laboratório Primula,Primavera,Chorrochó
<!MissingKey:146:Squeeze Bomb>,Squeeze Bomb,,,
SIGMA12,"Now, X... You will be destroyed along with the rest of this decayed world!","Agora, X... Você será destruído junto com esse seu mundo decaído!",,
SIGMA11,Wallow in despair and hopelessness! You are powerless in the face of the ruler of the new world!,Sinta a angústia e o desespero! Você é impotente perante o rei do novo mundo!,,
SIGMA10,The Jakob Project... The program that gave birth to the new generation Reploids... It only happened because of me!,O Projeto Jakob... O programa que deu origem aos Reploids de nova geração... Se deu por minha causa!,,
HERMESHEAD4,"Board the capsule to equip this new ability, X.","Entre na cápsula para equipar esta nova habilidade, X.","Entra a la cápsula para equipar esta nueva habilidad, X.",
HERMESHEAD1,"X... I thought something like this might happen someday, so I've prepared parts for you.","X... Imaginei que algo assim poderia acontecer, então preparei partes para você.","X... Pensé que algo así podría suceder algún día, así que he preparado partes para ti.",
<!MissingKey:152:Defeated Sigma without taking damage.>,Defeated Sigma without taking damage.,,,
HERMESBODY_DISC,Buster hits heal damage taken.,Acertar Buster cura dano tomado.,Los golpes del Buster curan el daño recibido,
HERMESHEAD3,This part will increase your weapons' charge speed when equipped.,Este capacete irá acelerar o tempo de carregamento da sua Buster.,Esta casco aumentará la velocidad de carga de tu Buster cuando esté equipado.,
HERMESHEAD2,"This time, I want you to try Head Parts H.","Desta vez, quero que teste este capacete... Head Parts H.","Esta vez, quiero que pruebes la Parte de Cabeza H.",
LEFT_ACT,left,esquerda,Izquierda,esquerda
<!MissingKey:157:Defeated Gravity Antonion without equipping any upgrades.>,Defeated Gravity Antonion without equipping any upgrades.,,,
DEFAULTHEAD_NAME,Default Head,Capacete Padrão,Casco Estandar,
<!MissingKey:159:You get>,You get,Você obteve,Obtienes,
MANOWAR_NAME,Gigabolt Manowar,Gigabolt Manowar,,Geléia Manauara
<!MissingKey:161:Defeated any of the Maverick Bosses.>,Defeated any of the Maverick Bosses.,,,
<!MissingKey:162:Do You Have What it Takes?>,Do You Have What it Takes?,,,
MANOWAR_WPNMENU,T. Dancer,T. Dancer,T. Dancer,
<!MissingKey:164:Defeated Sigma without equipping any upgrades.>,Defeated Sigma without equipping any upgrades.,,,
HERMESARMS_NAME,Buster Parts H,Buster Parts H,Partes de Cañon H,
DEBUGACHIEVTITLE,Locked Achievement…,Conquista Bloqueada…,,
HERMESLEGS4,"Board the capsule to equip this new ability, X.","Entre na cápsula para equipar esta nova habilidade, X.","Entra a la cápsula para equipar esta nueva habilidad, X.",
<!MissingKey:168:Reached the end of Primrose without rotating the Stage.>,Reached the end of Primrose without rotating the Stage.,,,
X_WPNMENU,X. Buster,X. Buster,X. Buster,
HERMESBODY3,"With this part equipped, you will be able to heal damage taken by hitting or destroying enemies.",Com esta parte equipada você será capaz de recuperar vida ao acertar um inimigo logo após receber dano.,"Con esta parte equipada, podrás curar el daño recibido golpeando o destruyendo enemigos con tu Buster",
HERMESBODY2,Here... Try Body Parts H.,Aqui está... Este peitoral chama-se Body Parts H.,Toma...  Este peto es la Parte de Cuerpo H.,
HERMESLEGS1,"X... I thought something like this might happen someday, so I've prepared parts for you.","X... Imaginei que algo assim poderia acontecer, então preparei partes para você.","X... Pensé que algo así podría suceder algún día, así que he preparado partes para ti.",
<!MissingKey:173:Never Thought Yourself?>,Never Thought Yourself?,,,
<!MissingKey:174:Old Heaps of Junk>,Old Heaps of Junk,,,
<!MissingKey:175:Pitch Black>,Pitch Black,Arsenal Soturno,Oscuridad Total,Santa Rita do Passa Quatro
MANTIS_WPNMENU,D. Arrow,D. Arrow,D. Arrow,
MANOWAR6,Has Sigma made you go Maverick?,Me responda... Sigma fez você se tornar um Maverick?,¿Sigma te ha convertido en un Maverick?,
MANOWAR7,I'm no Maverick... I'm in complete control of myself and my actions...,Eu não sou um Maverick... Estou no controle das minhas próprias ações...,Yo no soy un Maverick... Tengo completo control de mí mismo y mis acciones...,
<!MissingKey:179:Your World Has Decayed>,Your World Has Decayed,,,
MANOWAR4,"...I'm not doing anything wrong... Who are you, anyway?",...Eu não estou fazendo nada de errado... Quem é você?,"...No estoy haciendo nada malo... ¿Quién eres tú, de todos modos?",quem é vc na fila do pão
MANOWAR5,I'm Mega Man X. I'm a Maverick Hunter.,Eu sou Mega Man X. Sou um Caçador de Mavericks.,"Yo soy Mega Man X, un  Cazador de Mavericks.",
MANOWAR2,"Return Abel City's energy supply to normal! If you don't, the city will be destroyed!","Retorne o suprimento de energia de Abel City ao normal! Se não, a cidade será destruida!","¡Devuelve el suministro de energía de Abel City a la normalidad! ¡Si no lo haces, la ciudad será destruida!",
ENDING1-4,Ha ha ha... I can see you've started to realize the situation...,Ha ha ha... Eu consigo ver em seu rosto que você percebeu...,,
MANOWAR3,... ... ...,... ... ...,... ... ...,
ENDING1-5,"This won't end with me, X... I can assure you that...","Isso não vai terminar comigo, X... Outros virão...",,
COLLECTALLHEARTS_TITLE,Strider,,,
ENDING1-6,...,...,,
MANOWAR1,Gigabolt Manowar! ,Gigabolt Manowar! ,Gigabolt Manowar!,
ENDING1-7,Ugh! I can’t stand this pain anymore... Just... Make it quick...,Agh! Não aguento mais essa dor..  Acabe... Logo com isso...,,
PELEDOSGAMES_TITLE,Athlete of the Century,,,
ENDING1-2,Unbelievable...,Inacreditável...,,
ENDING1-3,You may have defeated me... But it's too late to stop what's already begun...,"Você pode ter me derrotado, X... Mas já é tarde demais para parar o que começamos...",,
MANOWAR8,I'm working hard to realize our dream of a new world...!,Eu estou trabalhando duro para realizar nosso sonho de um novo mundo...!,¡Estoy trabajando muy duro para hacer realidad nuestro sueño de un mundo nuevo...!,
<!MissingKey:194:Defeated the Final Boss without equipping any upgrades.>,Defeated the Final Boss without equipping any upgrades.,,,
MANOWAR9,You've gone Maverick! I'll have to stop you!,Você se tornou um Maverick! Vou ter que te impedir!,¡Te has vuelto Maverick! ¡Tendré que detenerte!,
<!MissingKey:196:Piecing it Together>,Piecing it Together,,,
FINALLUMINE29,Ha ha...! Don't make me laugh...,Ha ha...! Não me faça rir...,,
FINALLUMINE28,And you think you can stand up to those of us who have evolved this far?,"Pensa que pode enfrentar a nós, que evoluímos a esse ponto?",,
FINALLUMINE23,In other words...,Em outras palavras...,,
FINALLUMINE9,That's why you are hesitating. You don't have it in you...,É por isso que você está hesitando em lutar.,,
FINALLUMINE22,That's why our decision to wage battle against the old world was made consciously.,Por isso nós conscientemente tomamos a decisão de lutar contra este seu mundo.,,
FINALLUMINE8,"Maverick? You know that's not the case, X.","Maverick? Você sabe que este não é o caso, X...",,
FINALLUMINE21,Humans using Reploids to perpetuate their accursed cycle of aggression...,Humanos usando Reploids para perpetuar um terrível ciclo de violência...,,
FINALLUMINE20,"Even so, his struggle showed all of us how this world is rotten!","Mesmo assim, ele mostrou a todos o quanto o seu mundo está podre!",,
ROOSTER7,"What does Sigma plan to do? You know, he's just using you. Nothing more!","Acalme-se, Burn Rooster! É Sigma quem está te manipulando! Ele pretende apenas te usar, nada mais!","¿Qué planea hacer Sigma? Sabes, solo te está usando. ¡Nada más!",
FINALLUMINE27,You're merely a tool of the humans. Nothing but a tool of the old world...,Você é só uma ferramenta dos humanos. Nada mais do que isso.,,
ROOSTER6,This is what you mean when you speak of justice? It's you who should be scrapped!,E você chama isso de justiça? Você é quem deveria ser atirado aqui!,¿Esto es lo que quieres decir cuando hablas de justicia? ¡Deberías ser tú quien sea desechado!,
FINALLUMINE26,X... Do you really have what it takes to stop us?,X... Você acha que tem o que é preciso para nos deter?,,
ROOSTER5,Mavericks bring only disaster and destruction! We have no choice but to stop them!,Mavericks trazem apenas destruição! Não temos escolha a não ser detê-los!,¡Los Mavericks solo traen desastre y destrucción! ¡No tenemos más opción que detenerlos!,
FINALLUMINE10,...!,...!,,
<!MissingKey:211:The Ore We Mine>,The Ore We Mine,,,
ROOSTER4,This is no ordinary riot. This is revenge for all the Reploids you labeled Maverick and threw onto this scrap heap!,Essa não é uma revolta qualquer. Isso é uma vingança em nome de todos os que você chamou de Maverick e atirou aqui!,Esto no es un motín ordinario. ¡Esto es venganza por todos los Reploides que etiquetaste como Maverick y arrojaste a este montón de chatarra!,
FINALLUMINE3,"Now that you you've defeated Sigma, I supose you're satisfied.",Imagino que esteja satisfeito agora que derrotou Sigma.,,
FINALLUMINE24,We possess the power to go Maverick at will!,Nós podemos escolher nos tornar Maverick!,,
ROOSTER3,"Burn Rooster, why have you started a riot? Is Sigma controlling you?","Burn Rooster, por que você iniciou uma revolta? Por acaso Sigma está lhe controlando?","Burn Rooster, ¿por qué has comenzado un motín? ¿Sigma te está controlando?",
FINALLUMINE2,Am I OK...? Of course.,"Se eu estou bem? 
É claro que estou.",,
DT_DASH_OPTION,Double tap dash,Dash 2x pra frente,2x toque para deslizar,Isso n é jogo de luta carai
ROOSTER2,It's the borderline waste disposal center. Where garbage is pressurized and burned...,Aqui é o centro de descartes. Onde o lixo é compactado e incinerado...,Es el centro de eliminación de residuos en la frontera. Donde la basura es presurizada y quemada...,
FINALLUMINE1,"Oh, Lumine! Are you OK?",Lumine! Você está bem?,,
ROOSTER1,"Do you know what this place is, X?","Sabe que lugar é esse, X?","¿Sabes qué es este lugar, X?",
<!MissingKey:221:Hope Remains>,Hope Remains,,,
FINALLUMINE7,"Don't tell me you've gone Maverick, too...",Não me diga que você também se tornou Maverick...,,
FINALLUMINE6,Lumine! What are you doing!?,Lumine! O que está dizendo!?,,
<!MissingKey:224:Defeated Dark Mantis without taking damage.>,Defeated Dark Mantis without taking damage.,,,
FINALLUMINE5,The new generation Reploids have been awakened and the new world is at hand!,Nós Reploids de nova geração despertamos e o novo mundo está próximo!,,
FINALLUMINE4,"But you see, he merely helped my plan along...",Mas ele apenas contribuiu com meu plano...,,
ICARUSBODY2,"This time, I want you to try out Body Parts I.","Desta vez, quero que teste este peitoral... Body Parts I.","Esta vez, quiero que pruebes las Partes de Cuerpo I.",
ROOSTER9,There's no place for Reploids like you in the new world we will create!,Não existirá lugar para Reploids como você no mundo que vamos criar!,¡No hay lugar para Reploids como tú en el nuevo mundo que crearemos!,
ICARUSBODY3,"If you equip this, you will take less damage than you normally would, and enemies will not be able to knock you back.",Se você equipar esta parte receberá menos dano do que o normal e inimigos não poderão lhe empurrar.,"Si equipas esto, recibirás menos daño de lo que normalmente harías, y los enemigos no podrán empujarte hacia atrás.",
ROOSTER8,"Using me? If that's the price I have to pay to bring about the new world, so be it!","Me usando? Se esse é o preço que eu preciso pagar para criar um novo mundo, que assim seja!","¿Usarme? ¡Si ese es el precio que debo pagar para llevar a cabo el nuevo mundo, que así sea!",
ICARUSARMS1,"X... I thought something like this might happen someday, so I've prepared parts for you.","X... Imaginei que algo assim poderia acontecer, então preparei partes para você.","X... Pensé que algo así podría suceder algún día, así que he preparado partes para ti.",
SUNFLOWERGOTSSSRANK_DISC,Got S Rank in all challenges in a single run.,,,
ICARUSARMS5,"Board the capsule to equip this new ability, X.","Entre na cápsula para equipar esta nova habilidade, X.","Entra a la cápsula para equipar esta nueva habilidad, X.",
<!MissingKey:234:Avoided all Seachlights in Pitch Black.>,Avoided all Seachlights in Pitch Black.,,,
GATEWAYFIESTA_DISC,Survived through the hardest challenge in Gateway.,,,
<!MissingKey:236:Crystal Bouncer>,Crystal Bouncer,,,
<!MissingKey:237:Defeated the Impostor without taking damage.>,Defeated the Impostor without taking damage.,,,
GIGACRUSHKILL_TITLE,Cataclysm,,,
<!MissingKey:239:Defeated Bamboo Pandamonium without using special weapons.>,Defeated Bamboo Pandamonium without using special weapons.,,,
COLLECTALLSUBTANKS_DISC,Collected All Sub Tanks.,,,
<!MissingKey:241:Not Doing Anything Wrong>,Not Doing Anything Wrong,,,
PERFECTKILL_DISC,"Defeated any Boss without using special weapons, without taking damage and without upgrades.",,,
<!MissingKey:243:Defeated Optic Sunflower without using special weapons.>,Defeated Optic Sunflower without using special weapons.,,,
<!MissingKey:244:Defeated Burn Rooster without using special weapons.>,Defeated Burn Rooster without using special weapons.,,,
ICARUSBODY1,"X... I thought something like this might happen someday, so I've prepared parts for you.","X... Imaginei que algo assim poderia acontecer, então preparei partes para você.","X... Pensé que algo así podría suceder algún día, así que he preparado partes para ti.",
ICARUSARMS3,"Equip this part, and you'll gain the ability to fire a powerful Laser Charge Shot.",Equipando esta parte você ganhará a habilidade de atirar um poderoso Tiro Carregado em forma de laser.,Equipa esta parte y obtendrás la habilidad de disparar un potente Disparo Cargado de Láser.,
ICARUSARMS2,I have new parts for you... They're Buster Parts I.,Tenho um novo canhão para você... Buster Parts I.,Tengo nuevas partes para ti... Partes de Cañon I.,
ICARUSBODY4,"Board the capsule to equip this new ability, X.","Entre na cápsula para equipar esta nova habilidade, X.","Entra a la cápsula para equipar esta nueva habilidad, X.",
ICARUSARMS4,"Also, your weapons' Charge Shot will not consume any energy.","Além disso, seus Tiros Carregados não irão consumir energia.","Además, el Disparo Cargado de tus armas no consumirá energía.",
ANTONION_WPNMENU,S. Bomb,S. Bomb,S. Bomb,
<!MissingKey:251:Sonic Drive>,Sonic Drive,,,
ICARUSLEGS3,Equip this part to be able to jump again while in the air and air dash twice.,Elas lhe concederão a habilidade de pular novamente no ar e usar o seu Dash aéreo duas vezes.,Estas partes te daran la habilidad de saltar una vez mas en el aire y podras usar el Dash 2 veces.,
COPYSIGMA3,You plan to take revenge on every Reploid... Every human... In the entire world?,Você pretende se vingar de todo Reploid... De todo humano... No planeta inteiro?,,
<!MissingKey:254:From now on we will be fighting not only Mavericks...>,From now on we will be fighting not only Mavericks...,"A partir de agora, não lutaremos apenas com Mavericks...",,
ICARUSLEGS2,These new parts... They're Foot Parts I.,"Desta vez, tenho botas para você... Foot Parts I.",Prueba estas nuevas partes... Parte de Botas I.,
COPYSIGMA2,"I shall allow you to call me by that name, for I am indeed Sigma.","Eu permito que me chame por esse nome, pois eu sou Sigma.",,
<!MissingKey:257:But also Reploids who honestly believe they are right in their views.>,But also Reploids who honestly believe they are right in their views.,"Mas também contra Reploids igual a nós, apenas com pensamentos diferentes.",,
ICARUSHEAD1,"X... I thought something like this might happen someday, so I've prepared parts for you.","X... Imaginei que algo assim poderia acontecer, então preparei partes para você.","X... Pensé que algo así podría suceder algún día, así que he preparado partes para ti.",
<!MissingKey:259:Put a Stop to What?>,Put a Stop to What?,,,
COPYSIGMA1,Sigma!?,Sigma!?,,
<!MissingKey:261:Defeated Avalanche Yeti without equipping any upgrades.>,Defeated Avalanche Yeti without equipping any upgrades.,,,
DOWN_ACT,down,baixo,Abajo,baixo
COPYSIGMA7,"But, before that, X, perhaps it's time for our final showdown!","Mas antes disso, X, chegou a hora do nosso embate final!",,
INTRO2-8,We new generation Reploids enjoy complete and total immunity to all viruses.,Nós Reploids de nova geração somos completamente imunes a qualquer tipo de vírus.,,
COPYSIGMA6,That old world has decayed and rotted. We will usher in a new world to replace it!,O mundo antigo já apodreceu. Nós criaremos um novo mundo para sucedê-lo!,,
INTRO2-9,So even copying something as dangerous as Sigma provides no risk.,Então copiar algo tão perigoso quanto Sigma não traz risco algum.,,
DISCLAIMER1,"This is a free fangame.

It is not affiliated, associated, authorized, endorsed or in any way officially connected with Capcom or any of it's subsidiaries or it's affiliates.

Mega Man X is a property of Capcom.
Please support the official release!","Este jogo é um fangame gratuito.

Ele não é afiliado, associado, autorizado, aprovado ou oficialmente conectado com a Capcom ou qualquer uma de suas subsidiárias.

Mega Man X é propriedade da Capcom.
Apoie os jogos oficiais!",,"Este jogo é um fangame gratuito.

Ele não é afiliado, associado, autorizado, aprovado ou oficialmente conectado com a Capcom ou qualquer uma de suas afiliadas.

Mega Man X é propriedade da Capcom.
Apoie os jogos oficiais!"
TRILOBYTE4,I'll bury you old heaps of junk right here!,Eu vou enterrar essa sua carcaça bem aqui!,¡Te enterraré aquí en estos viejos montones de chatarra!,
COPYSIGMA5,Put a stop to what? We already control the moon.,Por um fim em quê? Nós já controlamos a lua.,,
"<!MissingKey:270:""Awakening""... That's how Lumine described it.>","""Awakening""... That's how Lumine described it.","""Despertar""... Foi como Lumine descreveu.",,
NEXT_ACT,next weapon,proxima arma,Arma Siguiente,proxima arma
ICARUSHEAD4,"Board the capsule to equip this new ability, X.","Entre na cápsula para equipar esta nova habilidade, X.","Entra a la cápsula para equipar esta nueva habilidad, X.",
COPYSIGMA4,You're completely mad! I'm putting a stop to this right now!,Você está completamente louco! Eu vou por um fim nisso agora!,,
<!MissingKey:274:He said this was evolution... That they were acting on their own free will...>,He said this was evolution... That they were acting on their own free will...,Ele disse que era evolução... Que eles escolheram agir como agiram...,,
ROOSTER_WPNMENU,F. Dash,F. Dash,F. Dash,
TRILOBYTE1,Do you realize that the ore we mine here is used in space development?,Você está ciente que o minério que extraimos aqui é usado no desenvolvimento espacial?,¿Te das cuenta de que el mineral que extraemos aquí se utiliza en el desarrollo espacial?,
<!MissingKey:277:I bet you've been thinking about what Lumine was saying a while ago...>,I bet you've been thinking about what Lumine was saying a while ago...,Aposto que você está pensando no que Lumine falou agora a pouco...,This dialog has been cut.,
<!MissingKey:278:Just becoming Sigma could hardly be called evolution.>,Just becoming Sigma could hardly be called evolution.,Agir como Sigma mal dá pra ser chamado de evolução.,,
TRILOBYTE3,"Even if I explained, I doubt a brainless Maverick Hunter like yourself could understand.","Tsk. Mesmo que eu explicasse, duvido que um Caçador desmiolado como você conseguisse entender.","Incluso si explicara, dudo que un Cazador de Mavericks sin cerebro como tú pudiera entender.",
<!MissingKey:280:From what he said... Sigma won't be coming back.>,From what he said... Sigma won't be coming back.,"Se o que Lumine disse for verdade, Sigma não vai voltar.",,
TRILOBYTE2,Sigma must be behind this! What does he want with these minerals?,"Estou. Me diga, o que Sigma quer com esses minérios?",¡Sigma debe estar detrás de esto! ¿Qué quiere con estos minerales?,
<!MissingKey:282:Defeated Gravity Antonion without taking damage.>,Defeated Gravity Antonion without taking damage.,,,
<!MissingKey:283:If he's right... Then what are we doing...?>,If he's right... Then what are we doing...?,Se isso for verdade... Então o que é que estamos fazendo?,,
<!MissingKey:284:Don't let it get to you.>,Don't let it get to you.,Não deixe isso lhe subir a cabeça.,,
SIGMA1,"Welcome, Maverick Hunter. Our meeting was fated. Our destinies come to a head right here, right now. ","Seja bem-vindo, Caçador de Mavericks. Nosso encontro estava fadado a acontecer. Nosso destino se encerra aqui e agora.",,
SECRET2-1,"Welcome, Mega Man X. I've been waiting for you.",,,
INTRO2-1,This is X! I'm close to the site of the accident near the Orbital Elevator!,Aqui é o X! Estou próximo do local do acidente do Elevador Orbital!,,
ACHIEV_SCREEN_TITLE,Achievements,Conquistas,,
SIGMA2,"The time has come to usher in a new age. And your destruction, X, is an essential part of it.","Chegou a hora de iniciar uma nova era. Sua destruição, X, é parte essencial para que isso aconteça.",,
SECRET2-2,You are different from anyone I've faced before...,,,
INTRO2-2,The place is crawling with Mavericks! ,As redondezas estão infestadas de Mavericks!,,
<!MissingKey:292:Defeated Gravity Antonion without using special weapons.>,Defeated Gravity Antonion without using special weapons.,,,
FINALLUMINE18,...,...,,
SECRET2-3,You exude an aura of peace and mercy. Who are you?,,,
INTRO2-3,I'll make my way to the site. Get ready to send rescue mechaniloids on my signal!,Vou abrir caminho até lá. Se preparem para mandar o resgate ao meu sinal!,,
SIGMA4,"Your dedication to what you refer to as ""justice"" is what first got me thinking... ","Sua dedicação para o que você chama de ""justiça"" foi o que me fez refletir...",,
SECRET2-4,How keen of you to notice this so soon. ,,,
INTRO2-4,Roger!,Entendido!,,
SIGMA5,"I realized the imperfection of this world, and decided I must change it.",Graças a isso eu percebi como este mundo é imperfeito e decidi que eu iria mudá-lo.,,
SECRET2-5,I am Serenade. ,,,
INTRO2-5,S-Sigma...!?,S-Sigma...!?,,
SIGMA6,"Don't blame me for your insanity, Sigma!","Não me culpe pela sua loucura, Sigma!",,
SECRET2-6,You mentioned I'm different from others you faced before?,,,
INTRO2-6,To protect ourselves from damage during the accident...,Para nos proteger de danos durante o acidente... ,,
SIGMA7,"Ha ha ha... it's too late, X. The gears are in motion. There's no turning back now.","Ha ha ha... Já é tarde demais, X. As engrenagens estão girando. Não existe mais volta.",,
SECRET2-7,That is because of my overwhelming power. ,,,
INTRO2-7,We had to copy a sturdy Sigma body.,Tivemos que copiar um corpo resistente como o de Sigma.,,
SIGMA8,"The new generation Reploids were the ones, X. My children are responsible for all of this...","Os Reploids de nova geração conseguiram, X. Meus filhos são os responsáveis por tudo isto...",,
SECRET2-8,Overwhelming...?,,,
SIGMA9,Children? What are you talking about!?,Filhos? Do que você está falando?!,,
SECRET2-9,Correct. I've been training to be stronger ever since I lost the title of UnderKing.,,,
JOYPAD_CTG,Joypad,Controle,Joystick,Controle
WPNDOWN_ACT,wheel down,roda baixo,,
MANTIS_NAME,Dark Mantis,Dark Mantis,,João Grilo
ON_VALUE,ON,Ativo,ON,Ativo
<!MissingKey:316:Cycle of the Six Existences>,Cycle of the Six Existences,Ciclo das Seis Existências,,
STAGE_DC,Stage,Fase,Nivel,Engenho
SHOT_ACT,shot,tiro,Disparo,tiro
<!MissingKey:319:Defeated another Secret Boss.>,Defeated another Secret Boss.,,,
PELEDOSGAMES_DISC,Juggled the Armor well after beating the Boss.,,,
KEYBOARD_CTG,Keyboard,Teclado,Teclado,Teclado
VILEDEFEATEDTWICE_DISC,Defeated Vile twice.,,,
KEYCFG_START,KEY  CONFIG,CONTROLES,CONFIGURAR CONTROLES,CONTROLE ZOADO
<!MissingKey:324:Defeated the Second Phase without equipping any upgrades.>,Defeated the Second Phase without equipping any upgrades.,,,
SHOT2_ACT,shot2,tiro2,Disparo2,tiro2
<!MissingKey:326:For a World that's Doomed>,For a World that's Doomed,,,
MUSIC_OPTION,Music Volume,Volume da Música,Volumen de la Música,Pôe no máximo
<!MissingKey:328:Time for our Final Showdown>,Time for our Final Showdown,,,
<!MissingKey:329:Defeated Optic Sunflower without equipping any upgrades.>,Defeated Optic Sunflower without equipping any upgrades.,,,
<!MissingKey:330:Central White>,Central White,Central Alva,Central Blanca,Trombudo Central
<!MissingKey:331:Troia Base>,Troia Base,Base Troia,Base de Troia,Anta Gorda
<!MissingKey:332:The Route To Space>,The Route To Space,,,
<!MissingKey:333:Metal Valley>,Metal Valley,Vale do Metal,Valle de Metal,Caucaia
INTRO2-13,"I see. Hold tight, I'll signal my team to send in the rescue-","Entendo. Aguentem firme, vou sinalizar minha equipe para que-",,
JUMP_ACT,jump,pulo,Salto,pulo
INTRO2-12,I'm the director in charge of the elevator and the Jakob Project.,Sou responsável pelo elevador e pelo Projeto Jakob.,,
INTRO2-11,I'm Lumine... ,Me chamo Lumine... ,,
INTRO2-10,Who are you?,Quem é você?,,
TANK_ABV,SUB.T,SUB.T,SUB.T,SUB.T
<!MissingKey:340:You Old Model Reploids>,You Old Model Reploids,,,
<!MissingKey:341:Inferno>,Inferno,Incinerador Inferno,Infierno,Favela do Gato Morto
<!MissingKey:342:Defeated Vile at Sigma Palace.>,Defeated Vile at Sigma Palace.,,,
<!MissingKey:343:Portal>,Portal,,,
<!MissingKey:344:Defeated Gigabolt Manowar without using special weapons.>,Defeated Gigabolt Manowar without using special weapons.,,,
<!MissingKey:345:Gotta Go Fast>,Gotta Go Fast,,,
<!MissingKey:346:Gateway>,Gateway,Satélite de Acesso,Punto de Entrada,Arroio dos Ratos
<!MissingKey:347:I Am Indeed Sigma>,I Am Indeed Sigma,,,
WSIZE_OPTION,Window Size,Tamanho da Janela,Tamaño de la Ventana,Deixar grandão
<!MissingKey:349:Puny Maverick Hunter>,Puny Maverick Hunter,,,
TRILOBYTE_NAME,Earthrock Trilobyte,Earthrock Trilobyte,,Tatuzinho de Jardim
SUNFLOWER_NAME,Optic Sunflower,Optic Sunflower,,Óleo de Girassol
<!MissingKey:352:Defeated the Second Phase without taking damage.>,Defeated the Second Phase without taking damage.,,,
<!MissingKey:353:Defeated Dark Mantis without equipping any upgrades.>,Defeated Dark Mantis without equipping any upgrades.,,,
DEFEATEDALL_TITLE,The Orbital Elevator,,,
KEYCFG_TITLE,KEY CONFIG,CONFIGURAÇÃO DE BOTÕES,CONFIGURACIÓN DE BOTONES,DEIXA O DASH NO A
<!MissingKey:356:Defeated the Secret Boss.>,Defeated the Secret Boss.,,,
CRT_OPTION,CRT Filter,Filtro CRT,,
<!MissingKey:358:Ruler of the New World>,Ruler of the New World,,,
DEFAULTHEAD_DISC,Default part.,Parte padrão.,Parte Estandar,
<!MissingKey:360:Your Precious 'Justice'>,Your Precious 'Justice',,,
<!MissingKey:361:Broke your way through Dynasty.>,Broke your way through Dynasty.,,,
<!MissingKey:362:Fire Dash>,Fire Dash,,,
COLLECTALLSUBTANKS_TITLE,Virtue's Last Reward,,,
<!MissingKey:364:Defeated Avalanche Yeti without taking damage.>,Defeated Avalanche Yeti without taking damage.,,,
RESET_ACHIEV_FINISHED,Achivements Progress Cleared.,Progresso Conquistas Apagado.,,
PANDARIDEREACHED_TITLE,Probotector,,,
EXIT_BUTTON,Exit,Sair,Salir,Vazar
HERMESARMS4,"Your weapons will also not consume energy when fired, except when you perform a Charge Shot.","Além disso, suas Armas não consomem energia quando disparadas, exceto quando você usar um Tiro Carregado.","Tus armas tampoco consumirán energía al disparar, excepto cuando realices un Disparo Cargado.",
<!MissingKey:369:Defeated Bamboo Pandamonium without equipping any upgrades.>,Defeated Bamboo Pandamonium without equipping any upgrades.,,,
ICARUSLEGS4,"Board the capsule to equip this new ability, X.","Entre na cápsula para equipar esta nova habilidade, X.","Entra a la cápsula para equipar esta nueva habilidad, X.",
ICARUSARMS_NAME,Buster Parts I,,Parte de Cuerpo I,
PERFECTKILL_TITLE,Mark of the Wolves,,,
ICARUSLEGS1,"X... I thought something like this might happen someday, so I've prepared parts for you.","X... Imaginei que algo assim poderia acontecer, então preparei partes para você.","X... Pensé que algo así podría suceder algún día, así que he preparado partes para ti.",
HERMESARMS2,"Here, try these Buster Parts H.",Teste esse canhão... Buster Parts H.,"Toma, prueba estas Partes de Cañon H.",
HERMESARMS3,Equipping this part will grant you a Spread Shot Charge Attack.,Equipar esta parte lhe dará acesso a um poderoso Tiro Carregado que se propaga em três direções.,"Al equipar esta parte, obtendrás un Ataque Cargado de Disparo Amplio.",
VILE1-5,The Orbital Elevator is too important to us to hurt the one who operates it.,O Elevador Orbital é importante demais para machucarmos quem o opera.,El Elevador Orbital es muy importante para nosotros como para hacerle daño a quien lo opera.,
VILE1-4,Don't worry about our little friend. Lumine is being taken care of. Ha ha ha…,"Não se preocupe, X... Lumine está em boas mãos. Ha ha ha...",No te preocupes por nuestra pequeña Lumine. Estamos cuidándola muy bien. Ja ja ja...,
VILE1-7,The Jakob Project is an important joint venture between humans and reploids!,O Projeto Jakob é uma importante colaboração entre humanos e Reploids!,¡El Proyecto Jakob es un importante proyecto entre Humanos y Reploides!,
VILE1-6,Don't you know what you're doing?,Você não sabe o que está fazendo?,¿No sabes lo que estás haciendo?,
VILE2-1,Vile!,Vile!,Vile!,
<!MissingKey:381:Defeated Vile without taking damage.>,Defeated Vile without taking damage.,,,
VILE1-3,"Reunited after all this time apart, and all you do is bombard me with questions?",Tanto tempo separados e agora que estamos juntos só o que você faz é me encher de perguntas?,"¡Reunidos después de tanto tiempo separados, y todo lo que haces es bombardearme con preguntas!",
VILE1-2,Where have you taken Lumine? Do you plan to hinder the Jakob Project?,Para onde você levou Lumine? Você pretende impedir o Projeto Jakob?,Dónde has llevado a Lumine? ¿Planeas obstaculizar el Proyecto Jakob?,
DEBUG_OPTION,Show Debug,Mostrar Debug,Mostrar Depuracion,Já vai cheatar né
VILE1-9,"Let's enjoy this little reunion, OK?","Vamos curtir nosso momento juntos, OK?","Disfrutemos de nuestra pequeña reunion, OK?",
VILEDEFEATEDTWICE_TITLE,Our Little Reunion,,,
VILE1-8,"Chill out, X...","Relaxa, X...","Tranquilizate, X...",
GAME_START,GAME  START,INICIAR JOGO,INICIAR JUEGO,COMEÇAR ESSA PORRA
COLLECTALLHEARTS_DISC,Collected all Heart Tanks.,,,
INSPIRED_BY,Inspired by,Inspirado pela,Inspirado por,Inspirado pela
<!MissingKey:391:Defeated Dark Mantis without using special weapons.>,Defeated Dark Mantis without using special weapons.,,,
COMPLETION_DC,Completed,Concluído,,Paradas Pegadas
<!MissingKey:393:Accursed Cycle of Aggression>,Accursed Cycle of Aggression,,,
<!MissingKey:394:What We're After>,What We're After,,,
COLLECTFULLHERMES_TITLE,Soul Eraser,,,
<!MissingKey:396:Our Meeting was Fated>,Our Meeting was Fated,,,
CHARGE_OPTION,Charge fade out,Som Carregar Gradual,Sonido de Carga Gradual,ficar doido com charge
COLLECTFULLICARUS_TITLE,Mission Commander,,,
"<!MissingKey:399:I'm counting on you, Zero!>","I'm counting on you, Zero!","Estou contando com você, Zero!",,
<!MissingKey:400:I won't let Vile hold you any longer. You go ahead and take out Sigma!>,I won't let Vile hold you any longer. You go ahead and take out Sigma!,Pode deixar que eu cuido do Vile. Siga em frente e derrote Sigma!,,
<!MissingKey:401:Even if we Reploids are destined to join the scrap heap when that evolutionary step does come about...>,Even if we Reploids are destined to join the scrap heap when that evolutionary step does come about...,Mesmo que nós estejamos destinados a virar sucata quando essa suposta evolução acontecer...,,
"<!MissingKey:402:Zero... Don't you ever get tired of the whole ""justice"" thing?>","Zero... Don't you ever get tired of the whole ""justice"" thing?","Zero... Você não se cansa de toda essa coisa de ""justiça""?",,
<!MissingKey:403:X... >,X... ,X... ,,
"<!MissingKey:404:Sorry to keep you waiting, X. How you've been holding up?>","Sorry to keep you waiting, X. How you've been holding up?","Desculpe por te deixar esperando, X. ",,
"<!MissingKey:405:Not only against Mavericks, but against our own destiny as well.>","Not only against Mavericks, but against our own destiny as well.","Não apenas contra Mavericks, mas também contra o nosso destino.",,
"<!MissingKey:406:Ha ha ha... How I've missed you, Zero!>","Ha ha ha... How I've missed you, Zero!","Ha ha ha... Senti saudades de você, Zero!",,
<!MissingKey:407:Dark Arrow>,Dark Arrow,,,
<!MissingKey:408:We still have to fight.>,We still have to fight.,Nós ainda temos que lutar.,,
<!MissingKey:409:Don't you ever get tired of being Sigma's lap dog?>,Don't you ever get tired of being Sigma's lap dog?,E você não se cansa de ser um pau-mandado do Sigma?,,
"<!MissingKey:410:Ha ha ha! C'mon, X! Is that all you've got?>","Ha ha ha! C'mon, X! Is that all you've got?","Ha ha ha! Qual é, X! Já acabou?",This dialog has been cut.,
ARMORABILITY_ACT,armor ability,ataque esp.,,
VILE3-3,"Ha ha ha... Are you starting to finally piece it together, X? ","Ha ha ha... Finalmente começou a juntar as pontas, X?",,
SIGMA3,...,...,,
VILE3-2,"So, it was Sigma pulling the strings the whole time, wasn't it, Vile?","Então era realmente o Sigma manipulando tudo por trás dos panos, não é, Vile?",,
<!MissingKey:415:Zero!>,Zero!,Zero!,,
VILE3-1,Ha ha ha! You're struggling awful hard for a world that's doomed!,Ha ha ha! Você está fazendo um baita esforço por um mundo que já está perdido.,,
"<!MissingKey:417:I told you already, X! I will haunt you to the day you die!>","I told you already, X! I will haunt you to the day you die!","Eu já te falei isso antes, X... Vou te perseguir até o dia da sua morte!",,
VILE3-7,I don't care what you plan to do. I'll put a stop to it no matter what!,"Não me importo com o que você está planejando. Eu vou te impedir, haja o que houver!",,
"<!MissingKey:419:Can't Go Maverick, Kid>","Can't Go Maverick, Kid",,,
VILE3-6,"At times like this, how important is your precious term ""Maverick""?","Nessas horas, de que vale o seu querido termo ""Maverick""?",,
VILE3-5,The route to space... the thing that's allowed this world to survive this long... is ours!,Tudo aquilo que fez esse mundo sobreviver até agora... é nosso!,,
VILE3-4,The Orbital Elevator... the energy... the space minerals... the rocket data... ,O Elevador Orbital... A Energia... Os Minerais... Os mísseis...,,
PANDA7,I know what you are going to say. ,Prevejo o que estás prestes a expressar.,Sé lo que vas a decir.,
PANDA6,Is that what Sigma believes? But... That's...,Isso é o que Sigma acredita? Mas isso é...,¿Es eso lo que Sigma cree? Pero... Eso...,
PANDA5,That this world wishes for destruction and nothing more?,Que este mundo almeja apenas destruição e nada mais?,¿Que este mundo desea la destrucción y nada más?,
PANDA4,"You mean to tell me you've never thought such things yourself, X?","Então dizes tu que nunca pensastes estas coisas por ti mesmo, X?","¿Quieres decirme que nunca has pensado esas cosas tú mismo, X?",
ROOSTER_NAME,Burn Rooster,Burn Rooster,,Frango de Padaria
PANDA3,What are you talking about? No Reploid wishes for destruction.,Do que você está falando? Nenhum Reploid deseja destruição.,¿De qué estás hablando? Ningún Reploide desea la destrucción.,
<!MissingKey:429:I'm In Complete Control>,I'm In Complete Control,,,
PANDA2,All of history has been spent making things whose sole purpose is to destroy. Missiles... Reploids...,O percurso da história encontra-se marcado de criações cujo único propósito é a destruição. Mísseis... Reploids...,Toda la historia se ha pasado fabricando cosas cuyo único propósito es destruir. Misiles... Reploides...,
PANDA1,Did you know that the earliest form of rocketry was missiles used for war?,"Diga-me, X... Sabias tu que os primeiros motores de propulsão foram criados para mísseis a serem usados em guerra?",¿Sabías que la forma más temprana de cohetería eran misiles usados para la guerra?,
SIGMA3,...,...,,
FINALLUMINE19,"Yes, he rebelled against your world. Perhaps due to a virus.","Sim, ele declarou guerra ao seu mundo. Devido a um vírus? Talvez.",,
FINALLUMINE16,No Reploid would choose to be insane like Sigma!,Nenhum Reploid escolheria ser insano como Sigma!,,
FINALLUMINE17,"Think about it, X... 
Was Sigma really crazy?","Pense um pouco, X... 
Sigma era realmente louco?",,
FINALLUMINE14,"That's what grants us total immunity to all viruses. We can act how we choose, as it guarantees our own free will!",Isso garante nosso livre arbítrio. Cada uma de nossas ações foi escolhida por nós mesmos!,,
FINALLUMINE15,And that might include acting as Sigma once did before us... Do you understand what I'm getting at here?,"Isso inclui agir como Sigma agiu antes de nós... Entende onde quero chegar, X?",,
FINALLUMINE12,Who knows what might be influencing you at this very moment?,Quem sabe o que está te controlando neste exato momento?,,
<!MissingKey:439:Dynasty>,Dynasty,Usina Dinastia,Dinastía,Marginal do Tietê
PANDA9,"That's why we are forced to fight, you see.",Precisamente por este motivo somos obrigados a lutar.,Es por eso que estamos obligados a luchar.,
FINALLUMINE13,"However, we new generation Reploids were built using data derived from hundreds of old model Repolids. ","Porém, nós Reploids de nova geração fomos construídos de forma a ser imune a qualquer tipo de vírus.",,
PANDA8,"You think that idea to be Maverick, don't you?","Presumes que esta concepção é algo naturalmente Maverick, estou certo?","Piensas que esa idea es ser Maverick, ¿verdad?",
FINALLUMINE25,...!,...!,,
FINALLUMINE11,Old models like you have to worry if your actions are truly your own. ,Reploids antigos como você tem que se preocupar se suas ações são realmente suas.,,
STRONG_VALUE,Strong,Forte,,
PANDA_NAME,Bamboo Pandamonium,Bamboo Pandamonium,,E o Bambú?
<!MissingKey:447:Drift Diamond>,Drift Diamond,,,
<!MissingKey:448:Brainless Maverick Hunter>,Brainless Maverick Hunter,,,
ACHIEV_OPTION,Show Achievements,Mostrar Conquistas,,
<!MissingKey:450:Defeated Burn Rooster without taking damage.>,Defeated Burn Rooster without taking damage.,,,
VILE4-4,I'll defeat both you and Sigma!,Derrotarei tanto você quanto Sigma!,,
VILE4-5,Ha ha ha... I suppose it'd be a waste to just destroy you now...,Ha ha ha... Seria um desperdício destruir você agora...,,
VILE4-6,Maybe I'll wait till the last possible moment and have a little fun with this!,Vou me divertir e só acabar com você no último segundo!,,
VILE4-1,"So, you still refuse to give up your struggle, eh?","Ainda se recusando a desistir, não é?",,
<!MissingKey:455:Beat the game.>,Beat the game.,,,
VILE4-2,Are you so blind that you've somehow convinced yourself that hope remains?,Está tão cego que conseguiu se convencer que ainda existe esperança?,,
VILE4-3,"As long as I'm standing, there's hope!","Enquanto eu estiver lutando, existirá esperança!",,
CLEARSAVE_CONFIRM,Press again to confirm,Pressione novamente para confirmar,Presiona Nuevamente Para Confirmar,Pressione novamente para confirmar
<!MissingKey:459:Defeated Avalanche Yeti without using special weapons.>,Defeated Avalanche Yeti without using special weapons.,,,
ICARUSBODY_NAME,Body Parts I,,Parte de Botas I,
ICARUSHEAD_DISC,Creates damaging area during jump,Pulo causa dano em inimigos.,Crea un área dañina durante el salto,
DEFAULTLEGS_NAME,Default Foot,Botas Padrão,Botas Estandar,
SOUND_OPTION,Sound Volume,Volume dos Sons,Volumen de los Sonidos,Zoada
CLEARSAVE_OPTION,Clear save game and reset,Deletar Jogo Salvo e Resetar,Borrar Juego Guardado y Reiniciar,Apagar a poha toda
<!MissingKey:465:Defeated the Impostor without equipping any upgrades.>,Defeated the Impostor without equipping any upgrades.,,,
WPNRIGHT_ACT,wheel right,roda dir.,,
COLLECTFULLHERMES_DISC,Collected All Hermes Parts.,,,
<!MissingKey:468:The Price I Have To Pay>,The Price I Have To Pay,,,
<!MissingKey:469:Optic Shield>,Optic Shield,,,
<!MissingKey:470:Stopped the Lava Wall at Inferno.>,Stopped the Lava Wall at Inferno.,,,
HERMESARMS_DISC,Weapon shots consume no ammo.,Tiros de Arma não gastam munição.,Los disparos del Arma no consumen munición,
<!MissingKey:472:Defeated Vile at the top of the Orbital Elevator.>,Defeated Vile at the top of the Orbital Elevator.,,,
PANDA_WPNMENU,B. Launcher,B. Launcher,B. Launcher,
UP_ACT,up,cima,Arriba,cima
DEFAULTARMS_NAME,Default Buster,Canhão Padrão,Cañón Estandar,
HERMESHEAD_NAME,Head Parts H,Head Parts H,Parte de Cabeza H,
<!MissingKey:477:Broke your way through Central White.>,Broke your way through Central White.,,,
DASH_ACT,dash,dash,Dash,dash
CONFIRM_ACT,menu confirm,confirmar,Confirmar,confirmar
<!MissingKey:480:We Are Forced To Fight>,We Are Forced To Fight,,,
<!MissingKey:481:Long Time No See>,Long Time No See,,,
<!MissingKey:482:Sigma Palace>,Sigma Palace,Palácio Lunar Sigma,Palacio de Sigma,Rolândia
<!MissingKey:483:This Is No Ordinary Riot>,This Is No Ordinary Riot,,,
<!MissingKey:484:Chrono Cross>,Chrono Cross,,,
RIGHT_ACT,right,direita,Derecha,direita
ANTONION_NAME,Gravity Antonion,Gravity Antonion,,Toninho Tanajura
GATEWAYFIESTA_TITLE,Desperados,,,
VILEDEVILBEARDEFEATED_TITLE,Steel Assault,,,
HERMESHEAD_DISC,Charges faster.,Carregamento de tiro mais rápido.,Carga más rápido.,
HERMESLEGS_NAME,Foot Parts H,Foot Parts H,Parte de Botas H,
INTRO3-5,Not a chance. The Orbital Elevator is under our control now...,Sem chance. O Elevador Orbital está sob nosso controle agora... ,,
INTRO3-4,You’re a wanted criminal! Stop and let Lumine go!,Você é um criminoso procurado! Pare e liberte Lumine!,,
<!MissingKey:493:Defeated Earthrock Trilobyte without taking damage.>,Defeated Earthrock Trilobyte without taking damage.,,,
<!MissingKey:494:Defeated the Impostor.>,Defeated the Impostor.,,,
INTRO3-7,"It begins now, X... 
A new world will be born! 
Ha ha ha!","Tudo começa agora, X... 
Um novo mundo está nascendo! Ha ha ha!",,
INTRO3-6,Just what do you plan to do?!,O que é que você está planejando?!,,
INTRO3-1,"How nice to see you again, X!","É muito bom te ver de novo, X!",,
INTRO3-3,"Ha ha ha... I'd love to stay and play with you, but I'm afraid I have too much work to do...","Ha ha ha... Eu adoraria brincar com você, mas tenho trabalho a fazer... ",,
INTRO3-2,Vile?!,Vile?!,,
FINALLUMINE30,The world is changing! It's only natural that evolution take it's course!,O mundo está mudando! A evolução está tomando seu curso!,,
FINALLUMINE31,"Now, line up to be exterminated!",Agora prepare-se para ser exterminado!,,
FINALLUMINE32,Lumine... I can't help but treat you as an enemy!,Lumine... Não tenho escolha a não ser te tratar como inimigo!,,
FINALLUMINE33,Enemy... Ally... This issue isn't so black and white.,Inimigo... Aliado... Esse assunto não é tão preto e branco assim.,,
FINALLUMINE34,"Reploids, along with humanity, have irrevocably changed.",Humanos e Reploids mudaram e não há como voltar atrás.,,
FINALLUMINE35,The nature of their existence has also changed...,A natureza de sua existência também mudou...,,
FINALLUMINE36,And you are not needed in our new world!,Você não é mais necessário em nosso novo mundo!,,
ICARUSLEGS_DISC,Can double jump and air dash.,Pulo duplo e Dash aéreo.,Doble salto y Dash aéreo,
